spkr	setting	vowel	mean_f1	mean_f2	V_count_spkr
00000	low	ɑ	583.01	1172.15	76
00000	low	ɤ	460.93	1267.89	42
00000	low	e	400.36	1680.60	38
00000	low	u	398.64	1009.53	20
00000	low	y	345.20	1416.81	9
00000	low	a	514.71	1641.98	30
00000	low	ø	547.60	1794.32	6
00000	low	i	333.14	1996.29	21
00000	low	ɯ	371.91	1720.81	2
00000	low	o	424.75	1328.73	2
00002	low	ɤ	482.74	1367.38	13
00002	low	ɑ	593.31	1182.07	35
00002	low	o	582.51	1432.56	3
00002	low	a	510.72	1611.98	21
00002	low	e	441.90	1619.90	17
00002	low	i	385.10	1906.11	15
00002	low	u	431.98	1090.40	4
00002	low	y	363.09	1590.44	3
00002	low	ø	443.78	1933.20	1
00003	low	a	512.34	1612.59	41
00003	low	ɑ	565.56	1170.45	116
00003	low	u	373.42	1015.17	21
00003	low	o	515.48	1237.52	12
00003	low	ɤ	458.39	1256.77	56
00003	low	i	319.84	1959.02	23
00003	low	e	390.83	1691.33	43
00003	low	ɯ	409.36	1703.43	3
00003	low	ø	344.22	1819.83	8
00003	low	y	410.56	1273.09	9
00004	low	ø	365.14	1830.36	7
00004	low	i	332.26	2019.72	31
00004	low	o	425.31	1221.32	7
00004	low	e	371.96	1636.22	49
00004	low	ɤ	455.08	1322.72	30
00004	low	ɑ	523.77	1209.77	65
00004	low	y	324.84	1601.02	6
00004	low	a	491.70	1703.08	24
00004	low	u	371.88	983.85	18
00004	low	ɯ	310.98	1738.32	1
00005	low	e	405.86	1647.62	153
00005	low	a	513.62	1658.05	148
00005	low	u	381.50	1060.17	44
00005	low	ɤ	457.88	1361.81	115
00005	low	i	329.73	1998.49	89
00005	low	ɑ	565.40	1203.17	211
00005	low	ø	386.89	1729.08	23
00005	low	y	336.58	1492.59	26
00005	low	o	447.83	1291.17	34
00005	low	ɯ	344.10	1819.90	4
00006	low	a	450.96	1593.17	8
00006	low	e	395.74	1520.17	7
00006	low	ɑ	570.18	1229.64	5
00006	low	ɤ	484.12	1112.36	1
00006	low	o	527.27	1232.50	2
00006	low	i	394.80	1990.96	1
00006	low	ø	452.33	1627.51	2
00006	low	y	328.06	1162.99	1
00009	low	a	553.60	1499.70	26
00009	low	e	451.85	1516.24	36
00009	low	ɑ	578.52	1088.08	75
00009	low	ø	436.43	1486.62	8
00009	low	ɤ	530.33	1133.06	38
00009	low	i	408.50	1898.74	21
00009	low	u	506.41	869.96	16
00009	low	o	541.30	1065.49	9
00009	low	y	425.75	912.11	4
00009	low	ɯ	377.86	1398.27	1
00011	low	i	386.10	2070.06	645
00011	low	a	528.98	1637.25	924
00011	low	ɑ	574.13	1233.08	2195
00011	low	ɤ	500.35	1307.04	1124
00011	low	e	451.50	1648.76	1228
00011	low	o	507.49	1315.52	231
00011	low	ø	463.85	1710.59	197
00011	low	u	436.69	1003.40	481
00011	low	y	406.50	1153.53	229
00011	low	ɯ	380.99	1679.44	37
00012	low	o	550.63	1053.88	2
00012	low	e	408.80	1680.19	39
00012	low	i	328.80	1881.77	20
00012	low	ɯ	245.93	1876.74	1
00012	low	ø	418.63	1827.46	3
00012	low	y	326.32	1197.52	8
00012	low	ɑ	600.68	1199.21	62
00012	low	ɤ	461.45	1326.51	31
00012	low	a	508.11	1643.24	33
00012	low	u	373.60	1079.89	9
00014	low	a	534.38	1590.82	169
00014	low	i	354.61	1865.48	96
00014	low	ɤ	487.04	1324.65	177
00014	low	ɯ	331.64	1786.32	7
00014	low	ɑ	596.03	1221.28	321
00014	low	y	355.48	1480.72	37
00014	low	ø	420.69	1659.85	23
00014	low	e	428.68	1601.41	170
00014	low	o	499.05	1303.12	30
00014	low	u	402.50	1021.42	65
00016	low	ɑ	604.66	1173.33	1014
00016	low	ø	430.80	1805.11	99
00016	low	e	430.37	1712.63	603
00016	low	a	514.28	1743.93	512
00016	low	o	518.17	1271.46	120
00016	low	u	414.20	961.73	190
00016	low	ɤ	494.98	1272.30	510
00016	low	i	345.43	2119.85	308
00016	low	y	353.49	1486.99	126
00016	low	ɯ	341.56	1820.50	28
00018	low	ɑ	570.80	1204.87	251
00018	low	ɤ	465.09	1329.03	118
00018	low	ø	411.78	1660.55	19
00018	low	e	419.64	1607.01	123
00018	low	i	336.05	1902.98	52
00018	low	u	389.88	1029.18	52
00018	low	a	522.51	1602.32	115
00018	low	o	479.41	1243.70	23
00018	low	y	356.90	1436.15	22
00018	low	ɯ	370.72	1689.14	5
00021	low	o	666.27	1308.32	3
00021	low	ɑ	571.45	1284.62	26
00021	low	a	500.45	1574.45	13
00021	low	i	349.36	1816.74	8
00021	low	ø	363.64	1449.10	1
00021	low	e	409.80	1553.34	11
00021	low	ɤ	482.91	1188.59	7
00021	low	u	383.70	983.46	5
00023	low	e	375.26	1672.93	85
00023	low	a	494.88	1770.00	84
00023	low	ɑ	517.19	1206.62	134
00023	low	ɯ	298.93	1728.46	3
00023	low	ɤ	398.65	1281.36	73
00023	low	u	362.13	939.65	37
00023	low	i	300.98	2295.83	52
00023	low	ø	334.16	1775.25	14
00023	low	o	382.08	1138.19	14
00023	low	y	290.55	1424.31	9
00026	low	e	414.02	1719.86	29
00026	low	o	408.93	1307.33	4
00026	low	ɑ	549.27	1290.48	19
00026	low	a	491.10	1713.74	18
00026	low	u	386.89	1000.95	7
00026	low	ɤ	452.21	1357.71	19
00026	low	i	330.86	2008.04	11
00026	low	ø	379.68	1707.62	2
00026	low	y	356.69	1389.55	1
00026	low	ɯ	368.45	1685.03	1
00030	low	ɑ	526.61	1051.20	15
00030	low	y	475.31	1128.02	1
00030	low	e	456.30	1689.74	7
00030	low	a	502.75	1616.69	9
00030	low	ɤ	449.98	1308.02	7
00030	low	u	365.01	859.60	2
00030	low	ø	312.42	1726.73	1
00030	low	i	267.09	2286.67	2
00032	low	ɑ	579.47	1151.66	15
00032	low	e	396.71	1668.52	13
00032	low	o	505.19	1137.60	5
00032	low	i	351.91	2275.38	7
00032	low	a	488.86	1611.49	5
00032	low	u	427.76	916.74	9
00032	low	ɤ	435.45	1301.71	10
00032	low	y	370.82	1080.74	3
00032	low	ø	480.91	1523.87	3
00032	low	ɯ	406.41	2293.75	1
00033	low	ɑ	561.50	1274.12	27
00033	low	e	435.07	1580.41	28
00033	low	ɤ	488.85	1290.69	15
00033	low	u	411.82	1091.40	5
00033	low	ɯ	371.65	1499.70	1
00033	low	ø	381.30	1697.78	5
00033	low	a	505.76	1615.35	11
00033	low	i	331.64	1950.35	16
00033	low	y	382.80	1374.73	10
00033	low	o	415.37	1423.09	4
00034	low	a	511.18	1616.15	84
00034	low	ɑ	556.20	1188.63	197
00034	low	ɤ	465.42	1298.54	104
00034	low	y	338.47	1470.32	18
00034	low	e	409.44	1593.52	99
00034	low	i	340.26	1950.69	61
00034	low	u	409.70	992.65	32
00034	low	ø	406.75	1538.28	8
00034	low	ɯ	320.73	1812.13	3
00034	low	o	469.94	1291.61	17
00037	low	e	447.37	1422.58	15
00037	low	u	386.72	862.39	6
00037	low	ɤ	478.66	1276.27	10
00037	low	ø	405.64	1592.13	3
00037	low	ɑ	559.88	1104.70	20
00037	low	a	517.67	1432.29	17
00037	low	i	348.19	1974.43	11
00037	low	y	414.60	934.34	2
00037	low	ɯ	353.79	1513.91	1
00039	low	ɑ	602.04	1223.46	1174
00039	low	ɤ	515.07	1328.01	556
00039	low	e	451.79	1627.62	686
00039	low	a	539.48	1642.44	571
00039	low	ø	471.34	1683.25	100
00039	low	y	387.16	1522.51	122
00039	low	u	440.97	1045.43	224
00039	low	i	371.92	1902.80	376
00039	low	ɯ	362.21	1888.54	18
00039	low	o	548.00	1330.57	103
00040	low	u	389.87	982.58	33
00040	low	ɑ	576.19	1159.29	150
00040	low	ɤ	450.18	1276.97	77
00040	low	i	324.89	1999.45	47
00040	low	a	534.96	1611.67	61
00040	low	e	415.38	1574.69	76
00040	low	o	537.01	1174.97	12
00040	low	ø	420.30	1687.87	14
00040	low	ɯ	276.13	1998.23	1
00040	low	y	379.56	1368.84	5
00042	low	e	415.08	1589.75	113
00042	low	i	370.67	1890.01	51
00042	low	ɑ	539.45	1213.49	189
00042	low	ɤ	459.35	1336.91	127
00042	low	u	403.22	1031.15	38
00042	low	ø	436.01	1673.56	23
00042	low	a	491.50	1626.40	119
00042	low	y	364.31	1339.42	12
00042	low	o	468.88	1326.96	16
00042	low	ɯ	375.88	1666.47	3
00044	low	i	286.65	2227.92	15
00044	low	e	361.24	1751.30	30
00044	low	ɑ	501.07	1225.93	29
00044	low	ɤ	385.97	1262.65	17
00044	low	o	390.17	1278.40	6
00044	low	y	299.57	1462.24	5
00044	low	a	455.72	1794.37	20
00044	low	u	343.97	883.52	6
00044	low	ø	351.94	1878.77	3
00045	low	ø	377.07	1757.63	10
00045	low	e	416.35	1678.76	55
00045	low	a	512.25	1751.95	57
00045	low	ɑ	588.02	1146.94	139
00045	low	ɤ	474.70	1257.53	47
00045	low	u	390.29	995.49	18
00045	low	o	511.68	1341.77	7
00045	low	i	317.51	2219.00	35
00045	low	y	323.51	908.41	5
00045	low	ɯ	304.41	1992.97	2
00046	low	e	457.61	1578.76	276
00046	low	a	542.95	1613.26	135
00046	low	ø	431.52	1531.22	55
00046	low	y	394.28	1168.92	52
00046	low	i	375.46	1738.24	116
00046	low	u	436.00	1054.10	131
00046	low	ɑ	609.32	1184.64	426
00046	low	ɤ	494.30	1292.90	334
00046	low	o	498.78	1275.83	69
00046	low	ɯ	365.42	1390.92	12
00048	low	e	424.82	1725.51	167
00048	low	i	318.91	2121.25	95
00048	low	a	545.35	1713.54	130
00048	low	ɑ	599.28	1229.41	247
00048	low	ɤ	479.05	1377.35	126
00048	low	o	486.53	1365.82	26
00048	low	y	366.84	1184.52	21
00048	low	ø	385.30	1731.05	27
00048	low	u	414.77	960.59	60
00048	low	ɯ	337.61	1910.71	10
00049	low	e	390.69	1682.41	338
00049	low	ɑ	541.33	1182.65	432
00049	low	u	375.93	920.17	115
00049	low	a	485.35	1754.38	245
00049	low	i	288.87	2209.60	175
00049	low	ɤ	420.75	1286.08	212
00049	low	o	427.77	1159.94	38
00049	low	ɯ	270.59	2031.41	4
00049	low	y	323.55	1384.40	58
00049	low	ø	374.90	1870.12	48
00050	low	ɑ	533.95	1214.41	61
00050	low	u	390.14	1043.34	13
00050	low	ɤ	437.46	1381.19	36
00050	low	ø	377.37	1607.36	6
00050	low	a	457.62	1636.21	23
00050	low	e	401.27	1589.32	25
00050	low	o	439.18	1382.31	10
00050	low	y	360.40	1541.65	8
00050	low	i	345.45	1879.31	10
00051	low	o	566.30	1486.17	6
00051	low	ɑ	573.30	1204.85	79
00051	low	i	354.14	1871.96	17
00051	low	e	434.16	1681.20	58
00051	low	ɤ	485.86	1343.93	46
00051	low	ø	465.38	1998.47	8
00051	low	u	390.32	1049.08	18
00051	low	a	510.90	1525.60	21
00051	low	y	342.47	1376.99	5
00051	low	ɯ	355.20	1779.16	2
00053	low	i	325.24	1990.44	2
00053	low	a	464.03	1398.52	2
00053	low	ɑ	454.19	813.85	2
00053	low	e	344.48	1990.23	1
00054	low	ɑ	646.02	1221.76	29
00054	low	ɤ	553.08	1256.78	24
00054	low	ø	462.37	1735.20	4
00054	low	e	487.07	1786.73	15
00054	low	i	424.51	2276.58	6
00054	low	a	611.07	1517.99	9
00054	low	u	456.29	903.75	7
00054	low	o	549.64	1179.98	9
00054	low	y	454.97	1727.81	2
00054	low	ɯ	318.63	2183.51	1
00055	low	ø	494.54	1693.21	7
00055	low	y	444.04	945.96	10
00055	low	e	489.66	1618.47	33
00055	low	a	533.89	1681.85	26
00055	low	ɑ	599.26	1126.80	65
00055	low	ɤ	513.14	1165.92	31
00055	low	i	416.82	2171.05	8
00055	low	o	543.94	1199.22	4
00055	low	u	418.05	882.83	15
00055	low	ɯ	357.34	2161.38	1
00056	low	e	436.82	1713.42	2140
00056	low	a	542.42	1731.39	1819
00056	low	o	526.06	1240.91	362
00056	low	ɤ	513.78	1256.63	2019
00056	low	ɑ	628.02	1144.48	3776
00056	low	u	422.83	940.56	804
00056	low	ø	436.30	1792.57	311
00056	low	y	349.78	1442.38	375
00056	low	i	335.68	2183.41	1236
00056	low	ɯ	318.92	1890.92	74
00057	low	ɑ	574.11	1144.18	20
00057	low	e	435.90	1626.94	14
00057	low	u	452.53	1019.18	5
00057	low	ɤ	521.21	1347.40	13
00057	low	i	342.75	1938.07	4
00057	low	a	482.31	1600.91	3
00057	low	ø	445.43	1657.24	2
00057	low	o	499.61	1323.01	1
00060	low	ɑ	537.13	1187.65	126
00060	low	ɤ	461.27	1319.35	61
00060	low	u	398.25	986.55	33
00060	low	y	383.87	1444.62	24
00060	low	e	423.36	1566.01	66
00060	low	a	509.07	1585.59	65
00060	low	ø	409.19	1662.54	9
00060	low	i	378.04	1849.70	23
00060	low	o	473.79	1223.43	7
00060	low	ɯ	345.97	1737.11	2
00062	low	u	406.74	903.27	25
00062	low	ɑ	483.69	1028.03	94
00062	low	ɤ	441.95	1154.17	81
00062	low	a	480.39	1551.74	36
00062	low	e	426.91	1470.37	45
00062	low	ɯ	367.77	1860.36	3
00062	low	i	360.16	2182.13	18
00062	low	o	460.67	1094.32	15
00062	low	ø	409.77	1752.06	8
00062	low	y	367.19	1302.34	11
00063	low	i	368.48	1902.77	16363
00063	low	e	435.96	1521.90	31648
00063	low	a	483.10	1606.84	28534
00063	low	ɑ	555.06	1095.76	55313
00063	low	u	422.37	922.43	11120
00063	low	ɤ	489.05	1209.16	26718
00063	low	y	387.62	1116.00	5523
00063	low	ø	449.22	1566.38	4528
00063	low	o	506.91	1212.35	5456
00063	low	ɯ	357.49	1539.53	1026
00064	low	y	343.83	1019.35	1
00065	low	e	407.94	1622.96	3
00065	low	u	361.43	1025.85	1
00065	low	ɤ	404.59	1198.09	1
00065	low	y	297.31	1246.44	1
00065	low	i	385.95	1931.13	2
00065	low	ɑ	676.06	1263.48	1
00068	low	ɑ	616.21	1109.21	15
00068	low	ɤ	476.63	1316.20	18
00068	low	ø	417.22	1744.04	4
00068	low	e	393.48	1690.39	16
00068	low	i	327.89	1530.50	10
00068	low	a	488.22	1491.84	10
00068	low	y	323.15	1208.04	3
00068	low	o	530.00	1393.56	3
00068	low	u	367.44	1095.11	4
00068	low	ɯ	311.84	1112.64	2
00069	low	u	384.72	888.11	6
00069	low	ɤ	527.58	1548.21	9
00069	low	ɑ	612.14	1197.93	12
00069	low	a	556.38	1614.78	6
00069	low	y	387.12	1271.32	2
00069	low	e	452.78	1686.36	3
00069	low	i	368.83	1692.93	1
00070	low	a	419.80	1714.50	27
00070	low	e	401.62	1574.43	40
00070	low	i	322.11	1859.42	18
00070	low	o	463.02	1264.77	11
00070	low	ø	398.68	1769.52	6
00070	low	y	324.91	1152.61	13
00070	low	ɤ	492.66	1327.98	17
00070	low	ɑ	528.00	1113.03	63
00070	low	u	362.43	936.11	9
00070	low	ɯ	313.80	1773.79	2
00071	low	ø	416.90	1764.60	3
00071	low	ɤ	452.85	1360.08	48
00071	low	ɑ	561.54	1253.09	102
00071	low	i	322.00	1982.41	40
00071	low	e	390.92	1679.99	76
00071	low	a	494.66	1712.02	49
00071	low	o	482.08	1429.83	11
00071	low	u	404.78	1008.16	17
00071	low	y	357.55	1527.25	8
00071	low	ɯ	409.12	1791.28	1
00072	low	u	361.83	726.40	1
00072	low	a	535.34	1632.19	12
00072	low	ɑ	632.54	1178.32	6
00072	low	i	336.74	1875.65	2
00072	low	ɤ	344.41	1440.13	1
00072	low	e	447.77	1690.95	14
00072	low	o	458.72	1368.32	1
00072	low	y	436.77	1045.02	1
00075	low	u	406.22	1114.59	5
00075	low	ɑ	544.94	1194.59	11
00075	low	ɤ	469.47	1379.66	5
00075	low	o	283.76	1232.11	1
00075	low	ø	418.21	1996.92	1
00075	low	i	340.24	1912.42	3
00075	low	e	448.02	1869.75	5
00075	low	a	544.99	1702.68	4
00075	low	y	351.72	1429.59	2
00076	low	i	310.72	2153.52	41
00076	low	o	485.77	1167.91	8
00076	low	ɑ	605.10	1220.53	108
00076	low	a	514.93	1670.51	66
00076	low	e	397.25	1682.57	85
00076	low	ɤ	444.32	1290.99	44
00076	low	ø	414.54	1639.24	8
00076	low	u	405.85	871.26	28
00076	low	y	378.65	1116.06	18
00076	low	ɯ	224.01	1814.24	1
00078	low	e	477.47	1767.71	22
00078	low	u	390.51	982.01	7
00078	low	ɤ	437.62	1344.55	14
00078	low	ø	396.60	2063.79	1
00078	low	ɑ	559.83	1233.05	11
00078	low	i	380.29	1921.93	11
00078	low	y	404.29	1059.32	3
00078	low	a	481.41	1360.93	5
00078	low	o	296.42	1137.53	2
00080	low	a	551.63	1669.11	4
00080	low	e	416.20	1672.25	4
00080	low	i	221.12	2268.11	1
00080	low	u	305.92	1279.16	2
00080	low	ɑ	634.42	1385.51	2
00080	low	ɤ	452.32	1390.54	5
00080	low	ø	777.39	1927.18	1
00083	low	a	535.39	1726.70	149
00083	low	e	414.39	1739.37	180
00083	low	u	416.42	912.38	61
00083	low	ɤ	468.99	1305.90	158
00083	low	ɑ	612.14	1189.14	313
00083	low	y	389.44	1007.62	24
00083	low	i	351.64	2017.11	116
00083	low	ɯ	335.76	1697.63	8
00083	low	o	501.05	1202.94	34
00083	low	ø	395.81	1763.80	21
00086	low	ɑ	568.91	1251.31	38
00086	low	e	403.77	1657.19	23
00086	low	a	499.73	1654.67	15
00086	low	u	376.34	998.55	10
00086	low	ɤ	445.42	1244.39	23
00086	low	ø	330.36	1766.76	5
00086	low	o	480.10	1409.69	4
00086	low	y	310.44	1588.97	2
00086	low	i	311.39	2031.81	13
00087	low	ɑ	544.79	1243.69	227
00087	low	ɤ	442.07	1318.97	116
00087	low	y	366.65	1491.07	20
00087	low	a	502.30	1660.73	120
00087	low	e	418.27	1654.93	194
00087	low	i	355.13	2135.89	138
00087	low	ø	414.60	1827.72	34
00087	low	u	387.74	1038.90	59
00087	low	ɯ	398.97	1957.39	3
00087	low	o	475.32	1435.60	30
00090	low	e	384.25	1795.43	51
00090	low	ɑ	509.06	1143.97	81
00090	low	ɤ	444.88	1359.56	53
00090	low	o	465.10	1281.74	12
00090	low	i	330.02	2278.12	30
00090	low	a	452.70	1781.83	69
00090	low	y	326.37	1527.24	14
00090	low	u	399.24	1012.98	20
00090	low	ø	377.88	1854.30	6
00090	low	ɯ	296.38	1767.73	1
00091	low	ɑ	601.16	1166.11	270
00091	low	i	343.51	2088.36	92
00091	low	e	432.41	1623.31	166
00091	low	y	364.20	1127.72	24
00091	low	a	563.05	1631.52	111
00091	low	u	398.71	892.74	50
00091	low	ɤ	482.36	1327.84	146
00091	low	ø	433.61	1643.71	21
00091	low	ɯ	362.62	1733.80	9
00091	low	o	483.83	1315.59	27
00092	low	ɑ	585.71	1280.18	18
00092	low	u	368.92	1086.14	3
00092	low	a	502.13	1691.32	12
00092	low	ɤ	471.48	1393.35	15
00092	low	i	358.50	2034.82	11
00092	low	e	399.41	1640.26	7
00092	low	o	468.67	1387.90	2
00092	low	y	356.69	1379.95	1
00092	low	ø	271.20	2175.63	1
00093	low	i	312.22	2083.31	15
00093	low	e	438.17	1654.15	50
00093	low	y	381.74	1209.22	11
00093	low	a	573.23	1665.35	16
00093	low	ɑ	630.26	1166.29	47
00093	low	ɤ	526.22	1335.62	35
00093	low	u	411.59	959.16	14
00093	low	o	502.38	1420.75	9
00093	low	ø	383.36	1443.74	5
00093	low	ɯ	325.43	1962.07	2
00096	low	o	409.55	1217.70	5
00096	low	ɤ	415.83	1160.67	9
00096	low	ɑ	556.17	1090.99	19
00096	low	y	331.25	1052.98	4
00096	low	a	464.98	1678.33	11
00096	low	i	295.58	2021.22	4
00096	low	e	416.42	1705.41	19
00096	low	ø	326.66	1855.60	1
00097	low	e	460.71	1458.66	15
00097	low	ø	395.43	1543.16	4
00097	low	a	538.24	1459.24	6
00097	low	u	412.62	983.71	5
00097	low	ɤ	456.00	1310.11	6
00097	low	ɑ	526.45	1187.72	8
00097	low	i	345.27	1659.38	2
00097	low	o	485.59	1208.47	6
00098	low	ɑ	613.06	1126.45	127
00098	low	u	393.10	902.47	27
00098	low	ɤ	471.42	1286.53	47
00098	low	i	355.17	2168.34	39
00098	low	e	441.16	1723.99	73
00098	low	a	525.79	1720.42	34
00098	low	y	371.13	1362.52	16
00098	low	o	441.57	1000.77	4
00098	low	ø	500.95	1736.79	11
00098	low	ɯ	304.32	2220.58	1
00100	low	o	494.73	1426.55	10
00100	low	i	369.79	2235.12	19
00100	low	e	440.53	1658.67	55
00100	low	ø	435.00	1916.27	14
00100	low	ɤ	485.27	1252.60	48
00100	low	a	522.81	1712.06	8
00100	low	u	406.71	921.74	19
00100	low	ɑ	596.94	1110.24	60
00100	low	y	365.00	1218.70	6
00100	low	ɯ	361.16	1594.71	3
00103	low	ø	389.79	1831.34	3
00103	low	ɯ	237.45	1934.12	1
00103	low	ɑ	603.63	1186.58	51
00103	low	ɤ	516.29	1283.26	31
00103	low	a	522.40	1762.63	10
00103	low	e	437.58	1805.35	16
00103	low	u	393.93	860.47	10
00103	low	i	338.91	2070.16	10
00103	low	o	528.46	1311.54	6
00106	low	ɑ	577.82	1217.10	20
00106	low	ɤ	405.19	1420.17	20
00106	low	i	304.59	1720.94	9
00106	low	a	498.46	1554.99	8
00106	low	o	515.69	1264.55	4
00106	low	u	369.16	1228.92	3
00106	low	ø	356.62	1861.03	3
00106	low	e	378.72	1778.94	14
00106	low	y	360.77	1437.87	4
00109	low	o	308.72	1581.37	1
00109	low	ɑ	448.23	1246.06	15
00109	low	ɤ	398.23	1602.57	7
00109	low	y	326.68	1154.59	4
00109	low	e	328.57	1590.54	5
00109	low	a	425.80	1534.03	10
00109	low	i	307.23	1838.29	6
00110	low	ɑ	613.58	1034.10	19
00110	low	ɤ	471.93	1183.87	6
00110	low	o	530.77	1265.11	4
00110	low	u	379.39	857.42	2
00110	low	ø	421.39	1522.04	4
00110	low	e	438.70	1431.87	10
00110	low	a	578.02	1477.12	10
00110	low	i	445.35	2024.29	7
00110	low	y	360.74	1157.73	2
00110	low	ɯ	324.75	1892.66	2
00115	low	u	468.54	1230.28	2
00115	low	ɑ	625.76	1246.67	10
00115	low	o	484.33	1216.78	3
00115	low	ɤ	508.12	1279.15	7
00115	low	a	565.04	1606.74	4
00115	low	e	417.19	1762.28	8
00115	low	i	438.31	2338.55	1
00116	low	i	254.21	2045.49	6
00116	low	e	447.13	1747.88	5
00116	low	o	366.99	917.65	1
00116	low	u	352.94	1063.01	1
00116	low	ɑ	693.60	1218.49	2
00116	low	a	466.53	1596.13	1
00116	low	ɤ	447.04	1445.91	1
00117	low	y	351.02	1249.84	5
00117	low	e	465.24	1684.80	23
00117	low	a	572.26	1735.41	13
00117	low	u	382.93	930.92	17
00117	low	ɑ	623.86	1165.35	68
00117	low	ɤ	504.33	1310.98	38
00117	low	i	375.61	2320.44	16
00117	low	o	434.23	1344.32	7
00117	low	ø	426.81	1524.10	3
00118	low	a	531.64	1593.51	53
00118	low	e	436.04	1703.13	56
00118	low	i	393.86	1830.82	29
00118	low	ɑ	554.79	1332.96	74
00118	low	ɤ	490.84	1428.48	38
00118	low	u	417.10	1036.10	18
00118	low	ø	436.33	1676.19	12
00118	low	o	522.86	1307.95	7
00118	low	y	396.22	1415.12	6
00118	low	ɯ	354.97	1870.78	1
00119	low	a	551.03	1602.21	8
00119	low	e	539.06	1597.58	9
00119	low	i	413.68	1813.88	3
00119	low	ɑ	587.50	1233.80	14
00119	low	ɤ	492.47	1333.31	6
00119	low	u	422.26	1108.46	4
00119	low	y	410.78	1272.42	4
00119	low	ɯ	330.56	1876.34	2
00119	low	ø	565.13	1870.53	4
00119	low	o	581.14	1384.62	3
00120	low	o	497.83	1000.61	1
00120	low	ɤ	587.75	1050.29	2
00120	low	ɑ	567.36	1079.47	7
00120	low	u	415.76	766.40	2
00120	low	e	425.35	1036.19	1
00120	low	a	568.43	1470.47	1
00122	low	ɑ	636.30	1174.35	107
00122	low	ɤ	516.63	1311.10	56
00122	low	i	324.39	2206.62	37
00122	low	e	428.96	1805.02	59
00122	low	u	394.21	872.86	34
00122	low	a	571.01	1756.90	37
00122	low	ø	393.37	1840.17	8
00122	low	y	339.02	1064.29	10
00122	low	o	501.96	1232.88	10
00125	low	e	414.43	1731.57	690
00125	low	i	340.23	2146.09	340
00125	low	o	507.95	1254.63	119
00125	low	u	406.12	963.76	271
00125	low	ɤ	489.82	1276.82	608
00125	low	ɑ	604.53	1160.12	1196
00125	low	a	514.32	1747.75	576
00125	low	y	347.35	1489.85	137
00125	low	ø	449.00	1792.00	114
00125	low	ɯ	325.58	1912.80	24
00128	low	ɑ	492.14	1034.16	13
00128	low	ɤ	406.99	901.87	4
00128	low	i	314.18	1929.21	5
00128	low	e	400.93	1549.41	8
00128	low	a	496.27	1628.43	1
00128	low	u	361.98	998.95	1
00128	low	o	474.78	1014.13	2
00128	low	y	400.88	1255.61	2
00128	low	ø	291.79	1882.62	1
00132	low	ɑ	618.74	1220.00	173
00132	low	i	358.43	1937.24	55
00132	low	e	476.32	1605.10	100
00132	low	a	548.43	1614.47	83
00132	low	y	392.24	1497.01	21
00132	low	o	563.84	1391.43	21
00132	low	u	430.31	1001.01	39
00132	low	ɤ	520.37	1350.21	81
00132	low	ø	509.90	1732.63	14
00132	low	ɯ	436.30	1705.50	2
00133	low	ɑ	550.76	1088.41	14898
00133	low	ø	461.24	1563.72	1283
00133	low	e	438.93	1511.76	8959
00133	low	a	483.91	1607.05	7822
00133	low	i	374.17	1912.85	4793
00133	low	o	510.67	1205.29	1512
00133	low	ɤ	491.09	1202.94	7453
00133	low	u	428.76	934.41	3213
00133	low	y	390.66	1110.46	1351
00133	low	ɯ	357.58	1561.78	320
00135	low	y	383.99	1281.09	57
00135	low	e	443.92	1719.16	265
00135	low	ɑ	594.10	1132.00	413
00135	low	ɤ	493.42	1252.59	189
00135	low	ø	448.47	1722.09	43
00135	low	a	544.80	1718.82	207
00135	low	o	506.33	1264.83	41
00135	low	i	374.04	2127.78	133
00135	low	u	438.30	986.02	79
00135	low	ɯ	363.96	1889.61	8
00136	low	y	320.54	1211.52	10
00136	low	ɑ	527.78	1240.91	84
00136	low	e	393.63	1609.14	49
00136	low	i	319.85	1970.10	28
00136	low	ɤ	441.23	1340.55	37
00136	low	a	445.22	1590.75	30
00136	low	u	357.68	997.65	23
00136	low	o	470.65	1415.80	11
00136	low	ø	361.61	1668.58	16
00136	low	ɯ	336.25	1687.98	1
00137	low	y	388.84	1216.48	5
00137	low	e	482.94	1712.17	20
00137	low	ø	429.44	1725.99	3
00137	low	a	545.72	1672.71	13
00137	low	u	386.79	863.33	5
00137	low	o	501.95	1282.40	7
00137	low	ɑ	599.00	1166.94	20
00137	low	i	670.37	2363.41	1
00137	low	ɤ	510.32	1131.67	12
00138	low	y	354.58	937.92	7
00138	low	e	416.83	1637.51	18
00138	low	ɑ	589.33	1171.44	15
00138	low	ɤ	498.05	1242.06	6
00138	low	o	537.91	1378.08	2
00138	low	u	402.67	977.57	2
00138	low	i	310.01	2051.34	3
00138	low	a	523.26	1531.93	13
00138	low	ø	394.37	1783.85	1
00139	low	ɑ	552.92	1241.83	4
00139	low	ɤ	401.93	1308.05	6
00139	low	i	239.35	2260.76	1
00139	low	ɯ	330.46	1353.68	1
00139	low	u	512.02	1332.02	1
00140	low	ɑ	611.55	1141.19	114
00140	low	ɤ	520.91	1242.04	51
00140	low	u	385.15	838.98	23
00140	low	e	453.01	1759.89	50
00140	low	i	332.90	2078.87	39
00140	low	a	538.93	1757.26	69
00140	low	ø	414.92	1753.60	7
00140	low	o	537.23	1208.11	10
00140	low	y	386.21	1245.94	8
00141	low	e	458.73	1428.44	20
00141	low	ɑ	571.51	1182.01	17
00141	low	ɤ	466.93	1225.40	19
00141	low	i	346.42	1849.40	5
00141	low	a	516.88	1623.35	18
00141	low	u	437.33	948.53	5
00141	low	y	351.32	1168.59	3
00141	low	ø	409.86	1545.58	4
00141	low	o	583.14	1498.86	2
00144	low	ɑ	631.20	1164.39	23
00144	low	ɤ	520.44	1287.40	17
00144	low	y	422.37	1445.36	4
00144	low	e	464.88	1634.37	18
00144	low	a	537.98	1613.90	9
00144	low	o	532.97	1234.27	2
00144	low	ø	465.87	1718.28	4
00144	low	u	415.82	1024.74	2
00144	low	i	372.34	1974.68	13
00144	low	ɯ	396.63	1891.43	1
00146	low	i	307.66	2018.53	2
00146	low	e	369.36	1664.07	2
00146	low	a	479.30	1524.46	1
00146	low	ɯ	286.08	1561.76	1
00146	low	ɑ	540.64	1135.00	6
00146	low	o	524.82	1004.94	1
00149	low	ø	423.66	1696.01	3
00149	low	ɑ	563.09	1219.94	56
00149	low	ɤ	479.98	1379.39	19
00149	low	e	416.55	1667.90	23
00149	low	i	336.80	1941.42	18
00149	low	a	494.31	1621.75	37
00149	low	o	509.04	1343.04	4
00149	low	u	418.52	1057.36	10
00149	low	y	343.76	1540.00	8
00149	low	ɯ	395.62	1794.67	1
00151	low	u	477.60	897.10	34
00151	low	ɑ	589.62	1168.72	220
00151	low	ɤ	533.91	1287.38	95
00151	low	i	437.12	2242.64	56
00151	low	e	517.51	1756.94	103
00151	low	a	568.15	1693.61	53
00151	low	y	451.11	1112.01	15
00151	low	o	541.26	1137.60	14
00151	low	ø	439.90	1736.85	11
00151	low	ɯ	488.22	2087.60	3
00152	low	ɑ	572.26	1122.42	8
00152	low	y	430.54	1308.34	2
00152	low	a	478.83	1610.31	13
00152	low	e	405.17	1645.43	4
00152	low	u	409.44	1007.87	1
00152	low	i	349.58	1970.62	4
00152	low	ɤ	527.25	1211.61	1
00152	low	ø	401.52	1216.65	1
00153	low	a	444.71	1527.27	2
00153	low	e	396.72	1797.29	4
00153	low	u	327.84	854.39	1
00153	low	ɤ	347.71	1751.10	1
00153	low	y	348.11	951.06	1
00153	low	ɑ	530.09	1052.13	2
00157	low	ɑ	568.04	1162.64	152
00157	low	ɤ	486.54	1316.59	91
00157	low	a	510.22	1768.24	87
00157	low	e	449.70	1679.52	123
00157	low	i	352.57	2230.44	67
00157	low	o	516.23	1191.56	24
00157	low	u	404.89	991.19	39
00157	low	ø	418.56	1634.12	23
00157	low	y	365.23	1175.82	14
00157	low	ɯ	346.54	1574.40	2
00158	low	a	571.36	1926.11	1
00158	low	e	367.45	1832.95	3
00158	low	y	350.52	1501.64	1
00158	low	ɑ	684.17	1232.82	5
00158	low	u	372.70	1204.98	2
00158	low	ɤ	412.50	1186.68	3
00159	low	u	390.95	913.95	36
00159	low	ɤ	468.27	1192.70	83
00159	low	ɑ	575.77	1126.73	145
00159	low	e	436.53	1582.19	100
00159	low	a	538.94	1567.74	79
00159	low	ø	434.55	1576.71	16
00159	low	i	321.43	2021.46	54
00159	low	o	487.51	1224.53	21
00159	low	y	363.27	1011.57	16
00159	low	ɯ	274.89	1922.73	5
00160	low	y	389.86	1088.31	4
00160	low	e	432.90	1567.77	13
00160	low	a	528.62	1575.57	9
00160	low	o	490.70	1163.10	3
00160	low	ɑ	540.29	1157.59	22
00160	low	ɤ	455.17	1239.78	13
00160	low	u	450.70	1022.45	7
00160	low	i	351.92	2013.42	6
00160	low	ø	389.96	1521.39	1
00161	low	ɑ	572.08	1165.14	71
00161	low	ɤ	487.65	1201.62	32
00161	low	e	436.86	1578.97	38
00161	low	a	520.11	1617.01	43
00161	low	u	435.96	1020.70	13
00161	low	ø	452.38	1742.93	9
00161	low	i	350.41	2282.52	17
00161	low	y	376.60	1108.62	6
00161	low	o	550.01	1102.79	2
00161	low	ɯ	288.61	2205.80	1
00163	low	a	504.96	1634.13	20
00163	low	i	323.56	1990.48	18
00163	low	e	399.39	1612.98	29
00163	low	ɑ	528.83	1255.75	25
00163	low	o	450.88	1227.22	5
00163	low	ɤ	434.83	1313.40	16
00163	low	u	371.22	1118.56	11
00163	low	y	368.57	1523.83	2
00163	low	ø	368.25	1608.40	1
00165	low	e	448.81	1627.11	124
00165	low	ɑ	602.86	1250.06	217
00165	low	u	428.15	1035.18	48
00165	low	ɤ	502.02	1370.48	135
00165	low	a	554.43	1621.07	121
00165	low	o	524.64	1248.68	25
00165	low	i	395.02	1932.74	79
00165	low	y	403.99	1416.48	19
00165	low	ø	449.14	1598.06	15
00165	low	ɯ	384.93	1780.48	5
00166	low	u	441.61	966.78	13
00166	low	ɤ	515.12	1319.56	53
00166	low	i	314.84	2071.16	28
00166	low	e	421.57	1738.04	59
00166	low	o	516.38	1196.52	10
00166	low	ɑ	631.00	1176.23	83
00166	low	a	561.51	1716.25	38
00166	low	y	447.99	1307.83	6
00166	low	ø	383.38	1592.76	6
00167	low	o	375.77	1345.72	5
00167	low	ɑ	544.20	1162.29	25
00167	low	e	393.20	1537.16	12
00167	low	ø	438.74	1597.01	4
00167	low	y	397.82	1070.46	5
00167	low	a	491.68	1604.37	13
00167	low	i	349.92	1956.97	13
00167	low	u	429.26	1075.98	7
00167	low	ɤ	411.17	1310.03	14
00173	low	o	513.55	1192.09	120
00173	low	ɑ	568.11	1141.87	1132
00173	low	ɤ	520.09	1216.70	537
00173	low	i	384.58	1860.59	316
00173	low	a	521.66	1498.02	451
00173	low	y	389.22	1086.98	110
00173	low	e	450.45	1526.97	639
00173	low	ø	446.71	1555.39	79
00173	low	u	448.43	957.04	240
00173	low	ɯ	375.35	1705.44	19
00174	low	i	338.43	2331.43	5
00174	low	ɑ	605.87	1231.77	22
00174	low	ø	366.97	1575.69	1
00174	low	a	554.45	1683.81	9
00174	low	e	468.79	1720.71	8
00174	low	u	391.41	856.45	5
00174	low	y	382.44	733.27	1
00174	low	ɤ	544.05	1383.97	12
00176	low	a	633.12	1774.22	1
00176	low	e	525.72	1652.69	4
00176	low	ɑ	646.10	1222.74	4
00176	low	ɤ	534.30	1379.88	2
00176	low	i	459.78	2032.54	1
00176	low	ø	457.88	1660.21	1
00177	low	a	532.08	1603.69	5
00177	low	i	400.76	2124.01	3
00177	low	o	502.81	1256.57	4
00177	low	ɑ	576.71	1204.17	16
00177	low	e	441.55	1697.32	5
00177	low	ø	525.65	1513.23	2
00177	low	ɤ	502.82	1396.96	8
00177	low	u	421.12	1164.51	3
00177	low	y	421.48	1600.19	1
00179	low	e	428.71	1532.88	24
00179	low	a	524.51	1609.06	31
00179	low	ɑ	567.83	1169.48	57
00179	low	u	390.29	946.37	17
00179	low	ɤ	442.58	1288.29	27
00179	low	ɯ	315.63	1895.54	2
00179	low	i	354.71	1808.01	12
00179	low	y	320.11	1510.86	9
00179	low	ø	414.83	1812.55	5
00179	low	o	440.25	1285.80	5
00180	low	e	401.04	1589.53	11
00180	low	y	365.96	1510.10	2
00180	low	u	364.06	1131.28	2
00180	low	ɑ	605.35	1320.24	23
00180	low	ɤ	472.83	1438.70	6
00180	low	a	517.78	1608.84	14
00180	low	ø	323.42	1589.18	2
00180	low	i	293.92	1831.22	6
00180	low	o	405.14	1320.54	1
00181	low	o	513.17	1200.15	18
00181	low	a	509.09	1674.72	41
00181	low	e	436.29	1632.55	38
00181	low	u	425.83	898.56	12
00181	low	ɤ	521.65	1294.39	44
00181	low	ɑ	593.94	1145.54	89
00181	low	ø	453.47	1693.97	14
00181	low	i	338.51	2187.56	23
00181	low	y	369.74	1069.20	6
00181	low	ɯ	309.93	2226.52	1
00183	low	u	533.24	800.27	1
00183	low	ɤ	486.06	1508.96	1
00186	low	ɑ	621.63	1215.91	44
00186	low	ɤ	528.71	1267.56	28
00186	low	y	465.28	1061.33	5
00186	low	a	567.59	1525.90	14
00186	low	e	435.19	1603.08	23
00186	low	o	632.90	1247.15	3
00186	low	i	345.24	2059.19	12
00186	low	u	448.04	958.64	9
00186	low	ø	400.14	1626.60	1
00001	high	ɑ	675.73	1328.57	22
00001	high	ɤ	552.49	1585.88	9
00001	high	a	685.64	1995.27	15
00001	high	u	391.20	973.07	6
00001	high	i	288.77	2330.60	3
00001	high	y	371.44	1124.78	6
00001	high	e	381.31	1990.27	16
00001	high	ø	343.50	1798.83	4
00001	high	o	346.67	1268.27	1
00007	high	i	475.02	2540.41	12
00007	high	ø	480.08	1933.06	1
00007	high	e	559.99	2020.39	18
00007	high	ɑ	691.91	1289.15	51
00007	high	ɤ	603.75	1492.55	28
00007	high	u	495.71	966.60	21
00007	high	a	701.83	2090.25	24
00007	high	o	569.23	1221.59	6
00007	high	y	492.02	1599.76	3
00008	high	i	286.09	2238.25	1
00010	high	i	349.84	2654.65	10
00010	high	ɤ	527.56	1425.52	16
00010	high	a	561.66	2169.22	11
00010	high	ɑ	631.06	1291.05	33
00010	high	u	417.31	1021.18	8
00010	high	ø	411.23	2257.38	7
00010	high	e	431.83	2214.94	13
00010	high	y	379.99	961.13	4
00010	high	o	494.98	1362.59	6
00013	high	ɑ	705.52	1345.67	62
00013	high	ɤ	524.95	1508.37	30
00013	high	i	378.97	2697.51	20
00013	high	e	454.80	2003.61	43
00013	high	ø	478.35	2086.31	9
00013	high	y	415.12	1566.19	6
00013	high	u	431.51	1176.66	14
00013	high	a	612.78	2023.75	31
00013	high	o	571.34	1215.24	6
00013	high	ɯ	413.61	1674.29	1
00015	high	o	659.90	1153.42	1
00015	high	ɤ	620.44	1470.41	9
00015	high	ɑ	783.28	1314.56	15
00015	high	i	335.75	2516.42	7
00015	high	a	738.14	1900.43	6
00015	high	u	477.23	1265.70	3
00015	high	y	416.71	831.64	5
00015	high	e	489.73	1872.15	10
00015	high	ø	442.72	1690.24	1
00017	high	ɑ	648.12	1370.34	12
00017	high	e	468.88	2254.52	6
00017	high	i	448.09	2387.48	1
00017	high	ɤ	509.15	1610.33	5
00017	high	y	374.04	645.77	1
00017	high	a	618.67	2126.52	3
00017	high	u	462.94	1069.89	1
00019	high	u	467.21	1101.34	74
00019	high	ɑ	677.50	1405.68	271
00019	high	a	537.01	1930.47	112
00019	high	ɤ	510.53	1469.26	140
00019	high	i	395.63	2597.03	87
00019	high	e	475.49	1877.62	205
00019	high	y	436.37	1422.65	26
00019	high	ɯ	441.13	2242.35	5
00019	high	ø	453.98	1946.17	26
00019	high	o	530.79	1415.92	39
00020	high	ɑ	685.78	1480.27	52
00020	high	e	497.73	1958.21	21
00020	high	u	499.48	1218.44	8
00020	high	ɤ	568.06	1520.15	29
00020	high	i	449.87	2440.09	14
00020	high	a	637.11	2025.67	21
00020	high	o	572.64	1453.51	3
00020	high	y	421.17	1252.62	5
00020	high	ø	701.60	2192.56	2
00022	high	i	375.47	2665.56	36
00022	high	a	723.07	2130.91	36
00022	high	e	529.91	2110.83	84
00022	high	o	605.89	1475.76	13
00022	high	ɑ	801.55	1383.07	101
00022	high	ɤ	602.67	1543.67	60
00022	high	u	506.43	1173.07	19
00022	high	y	480.22	1408.15	9
00022	high	ø	518.09	2131.59	15
00022	high	ɯ	517.81	2395.81	1
00024	high	e	423.23	1925.63	29
00024	high	ɑ	664.74	1290.90	35
00024	high	ɤ	514.77	1423.61	16
00024	high	i	353.71	2154.80	8
00024	high	a	517.48	1938.54	21
00024	high	y	374.02	1720.18	7
00024	high	u	361.49	1112.82	9
00024	high	ø	514.36	1908.30	8
00024	high	ɯ	271.47	1698.62	2
00024	high	o	511.01	1545.82	3
00025	high	ø	363.47	2152.32	2
00025	high	i	393.89	2617.78	15
00025	high	o	796.50	1904.26	2
00025	high	ɤ	624.92	1577.82	26
00025	high	a	740.25	2105.58	24
00025	high	ɑ	806.87	1615.51	55
00025	high	e	529.95	2188.03	35
00025	high	u	513.97	1229.67	17
00025	high	ɯ	373.15	2187.30	2
00025	high	y	400.35	1157.63	5
00027	high	i	332.49	2536.19	7
00027	high	e	506.83	1945.28	8
00027	high	u	445.53	816.59	3
00027	high	ɤ	607.01	1193.78	8
00027	high	ɑ	623.93	1094.21	7
00027	high	a	537.20	1736.92	5
00027	high	o	540.48	1051.09	1
00027	high	ø	493.70	2201.00	1
00028	high	ɑ	748.44	1357.24	13
00028	high	ɤ	558.51	1206.71	6
00028	high	a	704.23	1935.16	17
00028	high	y	408.39	1396.99	2
00028	high	i	418.72	2598.43	6
00028	high	e	513.96	2027.72	15
00028	high	o	599.02	1389.52	2
00028	high	u	540.14	1114.99	3
00028	high	ø	708.80	1648.25	3
00029	high	ø	515.67	1952.88	26
00029	high	a	676.59	1984.65	121
00029	high	ɑ	775.54	1425.04	306
00029	high	ɤ	602.62	1562.06	133
00029	high	o	555.33	1475.15	37
00029	high	e	509.30	1951.13	129
00029	high	y	427.90	1400.94	32
00029	high	i	397.61	2361.47	83
00029	high	u	494.30	1153.80	66
00029	high	ɯ	326.78	2310.61	6
00031	high	i	386.91	2368.50	29
00031	high	a	605.33	1703.33	28
00031	high	ɑ	646.27	1201.45	43
00031	high	ɤ	597.66	1316.36	33
00031	high	o	580.70	1161.99	8
00031	high	ɯ	360.71	2009.50	2
00031	high	y	430.25	926.59	4
00031	high	ø	476.72	1862.24	4
00031	high	e	510.46	1871.62	37
00031	high	u	478.53	901.34	11
00035	high	ø	402.97	2131.17	3
00035	high	ɑ	719.77	1501.30	6
00035	high	ɤ	559.22	1509.71	6
00035	high	i	361.83	2434.23	5
00035	high	e	464.89	2066.63	7
00035	high	a	603.88	2065.99	4
00035	high	y	425.50	1923.74	1
00035	high	u	575.31	1801.10	1
00036	high	i	300.34	2112.28	2
00036	high	e	479.02	2053.87	4
00036	high	ɯ	318.26	1962.95	1
00036	high	ɑ	581.47	1242.30	5
00036	high	ɤ	508.46	1539.23	1
00038	high	ɑ	649.61	1213.89	26
00038	high	e	464.57	1908.67	27
00038	high	ø	427.82	2194.16	2
00038	high	a	567.35	1916.48	18
00038	high	i	393.77	2293.45	11
00038	high	y	380.71	1595.34	3
00038	high	ɤ	500.49	1517.45	3
00038	high	o	528.32	1350.77	8
00038	high	u	452.24	1236.05	2
00041	high	ø	489.61	2099.04	12
00041	high	a	657.21	2007.98	46
00041	high	ɑ	685.60	1419.27	117
00041	high	y	445.94	1615.88	9
00041	high	e	471.26	2052.38	65
00041	high	ɤ	539.86	1500.81	48
00041	high	i	356.55	2585.00	28
00041	high	o	519.40	1453.04	10
00041	high	u	446.04	1145.13	23
00041	high	ɯ	336.06	2167.12	3
00043	high	ø	378.17	2000.41	1
00043	high	i	322.27	2580.46	1
00047	high	i	355.58	2702.22	40
00047	high	e	527.22	2155.92	68
00047	high	ɑ	734.46	1337.29	125
00047	high	a	675.39	2224.24	58
00047	high	ɯ	313.98	2338.52	3
00047	high	o	547.09	1422.25	14
00047	high	ɤ	554.00	1506.32	58
00047	high	u	483.39	1143.26	30
00047	high	ø	536.02	2219.80	10
00047	high	y	455.75	1250.87	18
00052	high	e	498.85	1952.52	240
00052	high	ɑ	716.78	1380.60	354
00052	high	a	655.78	1977.69	199
00052	high	i	419.42	2439.14	132
00052	high	u	480.42	1148.05	89
00052	high	ɤ	543.68	1525.78	188
00052	high	y	434.94	1207.60	40
00052	high	o	567.37	1431.88	48
00052	high	ø	488.86	1871.05	39
00052	high	ɯ	408.17	2078.13	10
00058	high	ɑ	584.79	1572.47	3
00058	high	e	586.24	1787.80	6
00058	high	i	588.21	2000.74	3
00058	high	a	617.98	1788.58	2
00059	high	u	471.99	1073.40	5
00059	high	i	432.84	2535.41	6
00059	high	e	501.79	1773.47	11
00059	high	ɤ	547.00	1371.73	7
00059	high	y	428.21	1434.96	3
00059	high	ɑ	653.76	1200.78	7
00059	high	a	672.42	1841.39	5
00059	high	o	526.25	1653.50	2
00059	high	ø	437.03	1893.38	1
00061	high	e	479.12	2007.43	17
00061	high	u	498.34	1410.46	3
00061	high	ɤ	528.66	1434.14	10
00061	high	ɑ	641.58	1531.09	23
00061	high	ø	626.88	1690.23	1
00061	high	a	673.07	1994.81	12
00061	high	ɯ	456.15	2084.64	1
00061	high	i	418.39	2435.14	4
00061	high	o	586.84	1570.16	2
00061	high	y	451.87	1373.14	1
00066	high	ɑ	598.16	1309.65	9
00066	high	ɤ	399.98	1205.24	7
00066	high	i	320.96	2084.57	8
00066	high	e	369.82	1935.26	11
00066	high	u	458.89	1231.69	7
00066	high	ø	374.66	1644.72	1
00066	high	a	617.89	1907.78	1
00067	high	ɑ	638.04	1269.08	34
00067	high	ɤ	566.29	1414.00	18
00067	high	e	500.02	1958.11	21
00067	high	a	567.70	1828.56	19
00067	high	i	418.54	2330.32	10
00067	high	u	466.40	1161.81	7
00067	high	o	511.76	1525.75	5
00067	high	y	431.09	1163.91	2
00067	high	ø	467.71	1961.79	1
00073	high	y	297.58	1592.16	5
00073	high	a	577.11	1712.22	33
00073	high	e	397.19	1729.04	38
00073	high	ɑ	678.88	1358.53	65
00073	high	ɤ	565.84	1553.53	29
00073	high	u	404.79	1386.41	9
00073	high	o	572.94	1578.44	8
00073	high	i	347.43	2058.04	27
00073	high	ø	541.73	1922.82	6
00073	high	ɯ	261.19	1851.57	2
00074	high	a	631.59	1837.51	1
00074	high	e	578.94	1970.82	5
00074	high	i	458.82	2778.85	1
00074	high	ɯ	435.91	2977.53	1
00074	high	u	495.16	926.62	1
00074	high	ɤ	568.36	1550.03	2
00074	high	o	476.80	1225.88	1
00074	high	ɑ	620.30	1360.24	1
00077	high	ɑ	811.07	1346.45	22
00077	high	o	500.43	1502.65	1
00077	high	a	638.34	2201.93	9
00077	high	i	441.01	2610.74	6
00077	high	e	495.54	2074.57	6
00077	high	u	488.02	909.28	6
00077	high	ɤ	580.72	1229.65	7
00079	high	o	561.64	1204.35	3
00079	high	ɤ	586.79	1451.99	7
00079	high	ɑ	742.81	1318.69	33
00079	high	e	537.10	2186.43	11
00079	high	a	667.51	2241.86	11
00079	high	u	485.52	1039.17	3
00079	high	i	338.56	2836.29	2
00079	high	ø	509.38	1973.57	2
00081	high	ɑ	653.39	1380.63	11
00081	high	e	579.71	1864.10	5
00081	high	a	625.58	1909.36	6
00081	high	ø	521.75	1735.87	2
00081	high	i	359.50	2068.72	1
00081	high	ɤ	551.82	1684.45	1
00082	high	e	457.05	1789.58	8
00082	high	u	467.23	1612.27	5
00082	high	ɤ	552.33	1520.16	4
00082	high	ø	423.44	1960.24	4
00082	high	ɑ	603.86	1265.34	7
00082	high	y	306.16	1381.62	2
00082	high	o	629.71	1762.85	1
00082	high	ɯ	405.67	2239.79	2
00084	high	e	583.50	1865.58	9
00084	high	u	527.29	1046.38	5
00084	high	ɤ	586.22	1337.67	8
00084	high	ø	448.63	1998.29	1
00084	high	ɑ	748.21	1308.44	11
00084	high	a	667.10	1971.30	3
00084	high	i	452.86	2625.10	5
00084	high	ɯ	354.49	2688.60	1
00084	high	y	454.64	1270.70	2
00085	high	e	493.92	2012.56	3
00085	high	ɑ	583.70	1182.88	5
00085	high	i	411.60	2098.69	2
00085	high	ɤ	604.62	1621.99	1
00088	high	i	399.65	2524.18	8
00088	high	ɑ	690.51	1430.69	31
00088	high	a	642.60	1988.05	24
00088	high	e	545.49	2165.32	17
00088	high	u	493.52	1066.94	9
00088	high	ɤ	583.76	1643.73	17
00088	high	ø	437.56	1761.38	2
00088	high	o	561.27	1431.71	3
00088	high	y	449.42	1011.41	2
00089	high	e	583.01	1778.05	28
00089	high	u	546.96	1210.40	13
00089	high	ɤ	646.71	1508.09	22
00089	high	ɑ	751.72	1433.61	61
00089	high	i	479.08	2276.38	21
00089	high	a	678.07	1787.49	18
00089	high	o	748.48	1377.46	5
00089	high	y	475.78	1290.09	4
00089	high	ø	548.41	1813.77	3
00089	high	ɯ	344.95	1968.31	2
00094	high	u	469.27	1523.43	7
00094	high	ɑ	608.78	1262.08	29
00094	high	a	526.03	1679.79	18
00094	high	e	404.78	1747.54	24
00094	high	ɤ	475.75	1424.69	11
00094	high	i	285.75	2034.12	9
00094	high	ø	410.10	1664.76	3
00094	high	o	406.25	1754.09	1
00094	high	y	358.03	1541.66	4
00095	high	ɑ	653.09	1301.10	6
00095	high	o	491.14	1332.25	1
00095	high	a	587.56	1935.97	4
00095	high	y	428.10	826.30	1
00095	high	e	511.52	1957.35	7
00095	high	ø	473.34	2302.10	2
00095	high	i	397.42	2550.55	5
00099	high	ø	437.04	1919.97	7
00099	high	e	523.47	1694.55	35
00099	high	a	665.18	1797.90	16
00099	high	u	502.75	1094.06	11
00099	high	ɤ	590.24	1368.52	37
00099	high	ɑ	701.33	1362.08	65
00099	high	i	449.47	2229.79	13
00099	high	ɯ	371.93	2518.95	2
00099	high	o	516.77	1357.53	9
00099	high	y	446.02	1110.55	7
00101	high	e	317.13	1770.06	3
00101	high	u	373.77	972.23	1
00101	high	ɤ	393.60	1306.52	1
00101	high	ø	307.90	1990.78	1
00101	high	a	419.63	1882.96	1
00101	high	i	268.77	2389.16	1
00102	high	ɑ	674.03	1286.57	33
00102	high	o	562.78	1409.40	6
00102	high	i	467.32	2352.94	14
00102	high	e	493.93	1891.20	25
00102	high	y	488.02	1500.51	5
00102	high	a	648.90	1794.15	22
00102	high	ɤ	570.68	1381.21	19
00102	high	u	473.66	1210.85	8
00102	high	ø	460.80	2026.34	3
00102	high	ɯ	415.29	2107.24	1
00104	high	a	572.41	1912.86	2
00104	high	o	331.22	881.10	1
00104	high	ɤ	521.40	1606.59	3
00104	high	y	487.16	1130.25	1
00104	high	u	460.18	1135.56	1
00104	high	ɑ	569.38	1148.58	1
00104	high	e	439.02	2454.66	2
00105	high	ɑ	664.30	1518.96	15
00105	high	o	447.33	1135.02	2
00105	high	u	438.18	1097.75	4
00105	high	e	441.15	1896.60	8
00105	high	a	560.85	1955.82	16
00105	high	ɤ	495.28	1665.69	5
00105	high	y	458.69	1396.26	3
00105	high	i	375.89	2346.69	8
00107	high	e	488.07	1936.11	26
00107	high	a	654.17	2001.03	18
00107	high	u	460.97	1051.55	8
00107	high	ɑ	732.69	1405.89	33
00107	high	ɤ	550.64	1537.00	19
00107	high	i	380.76	2412.00	11
00107	high	y	447.95	1155.57	5
00107	high	ø	471.06	1679.75	5
00107	high	ɯ	305.26	2496.76	1
00107	high	o	615.16	1572.38	4
00108	high	ɑ	742.85	1302.92	69
00108	high	ɤ	602.17	1448.47	30
00108	high	i	454.39	2563.00	13
00108	high	a	726.95	2059.21	20
00108	high	o	624.07	1479.43	4
00108	high	y	434.50	779.46	3
00108	high	e	533.10	1950.85	18
00108	high	ɯ	512.01	2732.86	1
00108	high	ø	495.19	1482.72	1
00108	high	u	485.37	890.28	10
00111	high	ɑ	662.04	1246.19	10
00111	high	ø	608.68	1469.58	1
00111	high	e	471.25	1977.55	3
00111	high	ɯ	420.77	2570.52	1
00111	high	i	434.31	2117.11	4
00111	high	a	582.06	2034.74	3
00111	high	y	393.34	1285.59	1
00111	high	ɤ	499.05	1449.55	4
00111	high	u	423.54	923.66	1
00112	high	ɑ	706.49	1503.03	114
00112	high	ɤ	633.91	1380.98	81
00112	high	u	593.39	1364.78	32
00112	high	e	523.52	1576.35	67
00112	high	i	418.64	1892.01	36
00112	high	a	631.64	1630.14	73
00112	high	o	635.43	1288.55	14
00112	high	y	520.94	1284.15	6
00112	high	ɯ	393.28	1559.43	5
00112	high	ø	668.15	1429.72	4
00113	high	y	403.59	1325.47	446
00113	high	e	473.27	2023.98	2842
00113	high	i	380.71	2543.15	1453
00113	high	ɑ	708.85	1412.16	4511
00113	high	ɤ	525.07	1532.17	2375
00113	high	o	531.87	1472.60	482
00113	high	a	641.70	2017.24	2343
00113	high	u	436.34	1121.60	1005
00113	high	ø	463.47	1972.17	431
00113	high	ɯ	356.60	2277.21	97
00114	high	o	526.09	1517.57	29
00114	high	ɑ	722.24	1421.21	249
00114	high	i	417.06	2374.91	83
00114	high	ɤ	545.62	1517.74	151
00114	high	y	425.40	1340.48	25
00114	high	a	647.84	1947.24	128
00114	high	e	493.12	1971.52	168
00114	high	ø	480.50	1923.79	23
00114	high	u	486.89	1195.81	70
00114	high	ɯ	423.21	2042.62	4
00121	high	ø	530.07	1994.53	10
00121	high	e	533.94	1898.95	45
00121	high	ɑ	844.81	1453.91	75
00121	high	ɤ	589.08	1558.45	41
00121	high	a	725.33	1919.70	44
00121	high	i	407.49	2454.67	31
00121	high	u	502.64	1202.72	20
00121	high	y	449.69	1227.03	10
00121	high	ɯ	358.73	1958.08	4
00121	high	o	558.14	1466.24	7
00123	high	u	489.30	1031.05	44
00123	high	ɑ	606.75	1274.15	272
00123	high	ɤ	547.48	1535.28	109
00123	high	e	492.18	1794.88	143
00123	high	i	353.70	2157.07	74
00123	high	y	401.20	1628.89	14
00123	high	a	572.40	1728.84	132
00123	high	ø	502.23	1819.74	24
00123	high	o	594.52	1358.09	28
00123	high	ɯ	313.28	1914.93	5
00124	high	y	446.24	1294.58	29
00124	high	i	433.74	2402.11	107
00124	high	a	599.54	2090.91	155
00124	high	e	485.58	1956.18	203
00124	high	ɑ	658.57	1440.83	319
00124	high	ɤ	576.15	1514.99	153
00124	high	u	492.11	1178.51	63
00124	high	ø	485.70	2001.02	31
00124	high	o	580.31	1494.38	40
00124	high	ɯ	430.01	1919.22	4
00126	high	e	502.98	2022.41	5
00126	high	i	430.75	2101.11	6
00126	high	ɑ	697.87	1445.90	14
00126	high	ɤ	533.23	1803.16	6
00126	high	a	675.07	1951.27	10
00126	high	o	567.48	1633.52	2
00126	high	y	470.40	2004.65	1
00127	high	e	494.60	2194.51	17
00127	high	u	446.47	901.52	8
00127	high	ɤ	509.25	1641.04	11
00127	high	ø	530.19	1841.85	3
00127	high	ɑ	672.12	1325.96	13
00127	high	i	441.98	2497.76	5
00127	high	a	677.01	2063.40	9
00127	high	o	517.28	1237.65	2
00127	high	y	396.59	1513.24	1
00129	high	u	473.73	995.81	5
00129	high	ɑ	645.27	1242.02	21
00129	high	ø	392.10	2256.49	4
00129	high	a	581.50	1902.31	17
00129	high	e	479.82	1871.71	15
00129	high	y	460.93	1609.25	3
00129	high	ɤ	613.80	1247.58	11
00129	high	i	399.42	2202.53	5
00129	high	o	658.08	1738.23	3
00130	high	ɑ	716.04	1253.98	485
00130	high	e	480.65	1971.75	253
00130	high	u	445.57	1012.03	120
00130	high	ɤ	573.60	1370.18	270
00130	high	o	548.03	1308.67	58
00130	high	i	358.16	2471.17	155
00130	high	a	669.20	2044.13	211
00130	high	ø	478.45	1929.49	44
00130	high	ɯ	313.66	2287.75	11
00130	high	y	404.96	1134.85	33
00131	high	i	449.96	2457.63	5
00131	high	ɯ	393.09	2162.59	1
00131	high	e	502.70	2028.05	16
00131	high	a	708.76	2011.16	11
00131	high	y	435.45	1176.98	2
00131	high	ɑ	816.32	1339.09	33
00131	high	ɤ	580.12	1410.59	12
00131	high	u	508.99	1049.43	8
00131	high	o	576.26	1577.32	3
00134	high	u	489.53	846.07	3
00134	high	ɑ	813.52	1333.19	9
00134	high	y	386.08	1061.83	2
00134	high	a	706.48	1442.59	1
00134	high	e	602.29	2104.88	6
00134	high	ɤ	653.59	1619.69	5
00142	high	i	368.96	2253.74	2
00142	high	e	498.47	2202.29	2
00142	high	ɯ	378.89	2026.75	1
00143	high	i	310.09	2140.13	4
00143	high	e	555.63	1811.58	6
00143	high	ø	335.92	1708.18	1
00143	high	ɑ	544.84	1260.56	8
00143	high	ɤ	546.31	1280.73	4
00143	high	u	449.65	955.80	2
00143	high	a	470.06	1765.49	3
00143	high	y	297.81	1252.24	1
00145	high	ɑ	698.35	1426.14	27
00145	high	ɤ	584.67	1686.78	12
00145	high	u	502.52	1161.26	8
00145	high	e	538.50	1997.31	3
00145	high	o	667.12	1880.98	3
00145	high	ø	625.03	1674.35	1
00145	high	a	640.64	2235.23	8
00145	high	i	481.74	2154.82	1
00147	high	ɑ	694.98	1337.88	115
00147	high	ɤ	528.28	1453.68	44
00147	high	o	522.89	1219.33	9
00147	high	u	456.70	1010.45	21
00147	high	i	349.18	2538.64	35
00147	high	e	484.30	1979.32	40
00147	high	a	642.28	2060.86	38
00147	high	ɯ	345.77	2517.46	1
00147	high	ø	428.70	1781.96	5
00147	high	y	413.95	1085.79	4
00148	high	ɑ	616.33	1311.91	38
00148	high	ɤ	498.52	1449.87	19
00148	high	u	445.25	1268.34	4
00148	high	i	418.56	2776.18	7
00148	high	o	487.44	1456.91	4
00148	high	ø	423.47	1960.48	1
00148	high	a	563.30	2207.92	10
00148	high	e	462.04	2150.79	13
00148	high	ɯ	342.19	2983.23	1
00148	high	y	398.65	1067.43	3
00150	high	ɑ	630.51	1064.65	14
00150	high	ɤ	496.94	1132.36	9
00150	high	ø	435.27	1805.08	3
00150	high	a	572.29	1916.62	7
00150	high	u	446.70	950.34	3
00150	high	o	784.11	1139.39	1
00150	high	e	421.79	1941.24	4
00150	high	y	372.27	678.97	1
00150	high	i	480.27	1876.06	1
00150	high	ɯ	433.69	2591.78	1
00154	high	ɑ	738.51	1458.03	8
00154	high	ɤ	589.33	1413.83	3
00154	high	i	405.75	2150.57	4
00154	high	a	645.07	1745.80	5
00154	high	e	665.67	1644.28	1
00154	high	u	598.34	918.67	1
00154	high	o	692.55	1231.84	2
00155	high	ɤ	523.52	1401.41	198
00155	high	y	425.32	1210.04	51
00155	high	e	468.09	1874.70	314
00155	high	a	556.70	1901.54	203
00155	high	ɑ	625.48	1282.74	398
00155	high	u	463.60	1031.04	114
00155	high	o	558.31	1335.46	53
00155	high	i	374.70	2481.61	153
00155	high	ø	467.44	1909.10	41
00155	high	ɯ	381.32	2171.15	6
00156	high	u	521.36	1136.77	38
00156	high	i	382.55	2149.42	69
00156	high	ɑ	696.17	1325.45	198
00156	high	ø	457.25	1789.24	19
00156	high	e	481.05	1814.43	113
00156	high	a	607.31	1706.10	98
00156	high	o	584.55	1459.48	22
00156	high	ɤ	589.59	1521.04	115
00156	high	y	411.72	1214.14	18
00156	high	ɯ	393.83	1847.30	6
00162	high	e	389.35	1877.72	4
00162	high	i	371.45	2179.55	3
00162	high	ɑ	695.03	1569.41	11
00162	high	a	537.28	1828.45	4
00162	high	ɤ	380.16	1846.68	4
00162	high	ø	503.53	1743.09	3
00162	high	u	396.90	910.77	1
00164	high	e	543.27	1798.28	68
00164	high	a	635.63	1853.94	59
00164	high	o	621.32	1328.58	12
00164	high	ɑ	678.25	1152.69	150
00164	high	i	436.54	2458.15	31
00164	high	u	494.11	1122.41	26
00164	high	y	455.79	1089.95	21
00164	high	ɤ	569.49	1262.61	53
00164	high	ø	493.17	1967.79	15
00164	high	ɯ	332.39	2545.43	1
00168	high	ɑ	619.12	1111.66	22
00168	high	a	510.14	1669.91	9
00168	high	e	454.79	1777.98	10
00168	high	ɤ	478.02	1526.37	12
00168	high	i	404.00	1976.13	9
00168	high	o	565.00	1474.94	3
00168	high	y	346.62	1569.00	1
00168	high	u	457.43	1154.42	5
00168	high	ø	410.81	1700.90	2
00169	high	e	575.86	2015.19	18
00169	high	ø	448.75	1668.12	1
00169	high	a	673.75	2040.09	13
00169	high	ɑ	759.71	1473.30	33
00169	high	i	494.90	2528.78	11
00169	high	ɤ	609.55	1608.56	24
00169	high	u	550.41	1308.38	9
00169	high	y	502.96	1311.20	2
00169	high	o	597.06	1278.97	5
00169	high	ɯ	454.27	1757.49	2
00170	high	ɑ	644.75	1199.91	9
00170	high	ɤ	477.35	1097.53	5
00170	high	y	401.18	1134.32	7
00170	high	e	493.42	1766.33	11
00170	high	u	382.13	793.34	5
00170	high	i	354.38	2489.20	3
00170	high	a	603.73	1642.41	5
00170	high	ø	498.13	1814.99	2
00171	high	i	308.25	2011.36	10
00171	high	a	492.78	1696.18	22
00171	high	e	376.96	1782.25	23
00171	high	y	303.37	1532.70	4
00171	high	u	396.91	1093.31	9
00171	high	ɑ	607.47	1431.83	24
00171	high	ɤ	493.42	1544.24	13
00171	high	ø	354.35	1737.95	3
00171	high	o	539.29	1745.78	4
00171	high	ɯ	311.16	1849.74	1
00172	high	ø	549.33	1734.64	1
00172	high	a	666.14	2137.14	8
00172	high	e	478.55	2006.62	11
00172	high	ɑ	690.18	1308.18	38
00172	high	i	436.08	2422.11	7
00172	high	y	436.45	1456.85	2
00172	high	o	642.31	1415.89	6
00172	high	ɤ	548.77	1309.49	16
00172	high	u	498.83	967.62	2
00175	high	e	522.21	2185.11	5
00175	high	a	684.72	2122.14	5
00175	high	y	422.86	1116.21	1
00175	high	o	627.53	1403.88	1
00175	high	ɑ	836.05	1077.73	2
00178	high	ɑ	724.16	1362.87	37
00178	high	e	512.83	1925.89	24
00178	high	a	659.35	1861.36	14
00178	high	o	519.90	1285.79	6
00178	high	u	447.05	833.14	7
00178	high	i	378.05	2470.78	11
00178	high	y	425.47	984.53	4
00178	high	ɤ	581.58	1320.93	20
00178	high	ø	410.91	1766.33	2
00182	high	ɑ	634.12	1413.54	88
00182	high	ɤ	429.91	1599.44	44
00182	high	i	301.40	2612.73	16
00182	high	e	423.07	2104.73	39
00182	high	u	384.22	1081.93	15
00182	high	ø	409.47	2199.67	8
00182	high	o	564.23	1476.65	5
00182	high	a	539.83	2203.65	26
00182	high	y	361.99	1384.83	4
00182	high	ɯ	325.70	2181.30	2
00184	high	ɑ	600.36	1232.22	13
00184	high	ɤ	547.27	1602.74	6
00184	high	e	482.52	1667.90	11
00184	high	a	518.01	1621.20	13
00184	high	i	279.54	2028.68	8
00184	high	o	593.40	1835.46	1
00184	high	ø	432.10	1659.28	3
00184	high	y	253.22	1551.38	1
00185	high	o	518.76	1303.62	2
00185	high	ɑ	755.34	1408.63	42
00185	high	i	336.29	2534.88	11
00185	high	e	491.71	1942.42	19
00185	high	ɤ	568.86	1552.90	17
00185	high	u	460.41	1223.89	8
00185	high	a	647.18	2002.49	30
00185	high	y	327.74	1564.49	3
00185	high	ø	540.18	1896.36	8
00187	high	ø	547.58	2034.36	2
00187	high	e	446.90	1893.28	4
00187	high	a	646.63	1607.29	2
00187	high	ɑ	659.59	1373.29	13
00187	high	ɤ	580.07	1478.99	7
00187	high	i	454.14	2828.82	2
00187	high	u	444.42	907.08	3
00187	high	o	592.97	1124.76	1
